﻿{
  "Mazda2": {
    "first": 3.0,
    "second": 2.0,
    "third": 1.0,
    "fourth": 1.0,
    "fifth": 0.74,
    "sixth": 0.59,
    "rear": 3.0,
    "final": 4.2
  },
  "Mx5": {
    "first": 4.0,
    "second": 3.0,
    "third": 2.5,
    "fourth": 1.9,
    "fifth": 1.3,
    "sixth": 1,
    "rear": 4.0,
    "final": 2.9
  },
  "Swift": {
    "first": 3.0,
    "second": 2.0,
    "third": 1.0,
    "fourth": 1.0,
    "fifth": 0.74,
    "sixth": 0.59,
    "rear": 3.0,
    "final": 4.2
  }
}